class,direction,rank,gene,coefficient
"CD16-positive, CD56-dim natural killer cell, human",positive,1,ENSG00000198821,0.68276507
"CD16-positive, CD56-dim natural killer cell, human",positive,2,ENSG00000211829,0.6215292
"CD16-positive, CD56-dim natural killer cell, human",positive,3,ENSG00000203747,0.44301236
"CD16-positive, CD56-dim natural killer cell, human",positive,4,ENSG00000115607,0.35836017
"CD16-positive, CD56-dim natural killer cell, human",positive,5,ENSG00000159674,0.25854236
"CD16-positive, CD56-dim natural killer cell, human",positive,6,ENSG00000189430,0.25000292
"CD16-positive, CD56-dim natural killer cell, human",positive,7,ENSG00000171476,0.23471056
"CD16-positive, CD56-dim natural killer cell, human",positive,8,ENSG00000111796,0.22069211
"CD16-positive, CD56-dim natural killer cell, human",positive,9,ENSG00000075426,0.21426195
"CD16-positive, CD56-dim natural killer cell, human",positive,10,ENSG00000180644,0.21242803
"CD16-positive, CD56-dim natural killer cell, human",positive,11,ENSG00000169583,0.21207291
"CD16-positive, CD56-dim natural killer cell, human",positive,12,ENSG00000115738,0.17707986
"CD16-positive, CD56-dim natural killer cell, human",positive,13,ENSG00000127947,0.16920565
"CD16-positive, CD56-dim natural killer cell, human",positive,14,ENSG00000136213,0.15085512
"CD16-positive, CD56-dim natural killer cell, human",positive,15,ENSG00000150045,0.13217786
"CD16-positive, CD56-dim natural killer cell, human",positive,16,ENSG00000109906,0.123746045
"CD16-positive, CD56-dim natural killer cell, human",positive,17,ENSG00000196684,0.10901167
"CD16-positive, CD56-dim natural killer cell, human",positive,18,ENSG00000115523,0.1056878
"CD16-positive, CD56-dim natural killer cell, human",positive,19,ENSG00000164674,0.09943412
"CD16-positive, CD56-dim natural killer cell, human",positive,20,ENSG00000150637,0.09785286
"CD16-positive, CD56-dim natural killer cell, human",negative,1,ENSG00000277734,-0.3337438
"CD16-positive, CD56-dim natural killer cell, human",negative,2,ENSG00000167286,-0.27478352
"CD16-positive, CD56-dim natural killer cell, human",negative,3,ENSG00000110448,-0.25000417
"CD16-positive, CD56-dim natural killer cell, human",negative,4,ENSG00000132002,-0.24423702
"CD16-positive, CD56-dim natural killer cell, human",negative,5,ENSG00000167615,-0.20572731
"CD16-positive, CD56-dim natural killer cell, human",negative,6,ENSG00000112893,-0.087890685
"CD16-positive, CD56-dim natural killer cell, human",negative,7,ENSG00000178188,-0.054393526
"CD16-positive, CD56-dim natural killer cell, human",negative,8,ENSG00000198712,0.0
"CD16-positive, CD56-dim natural killer cell, human",negative,9,ENSG00000184216,0.0
"CD16-positive, CD56-dim natural killer cell, human",negative,10,ENSG00000169057,0.0
"CD16-positive, CD56-dim natural killer cell, human",negative,11,ENSG00000196924,0.0
"CD16-positive, CD56-dim natural killer cell, human",negative,12,ENSG00000102119,0.0
"CD16-positive, CD56-dim natural killer cell, human",negative,13,ENSG00000102125,0.0
"CD16-positive, CD56-dim natural killer cell, human",negative,14,ENSG00000071553,0.0
"CD16-positive, CD56-dim natural killer cell, human",negative,15,ENSG00000203879,0.0
"CD16-positive, CD56-dim natural killer cell, human",negative,16,ENSG00000160211,0.0
"CD16-positive, CD56-dim natural killer cell, human",negative,17,ENSG00000269335,0.0
"CD16-positive, CD56-dim natural killer cell, human",negative,18,ENSG00000160219,0.0
"CD16-positive, CD56-dim natural killer cell, human",negative,19,ENSG00000183878,0.0
"CD16-positive, CD56-dim natural killer cell, human",negative,20,ENSG00000012817,0.0
"effector memory CD8-positive, alpha-beta T cell",positive,1,ENSG00000271503,1.2006936
"effector memory CD8-positive, alpha-beta T cell",positive,2,ENSG00000153563,0.81763476
"effector memory CD8-positive, alpha-beta T cell",positive,3,ENSG00000277734,0.723609
"effector memory CD8-positive, alpha-beta T cell",positive,4,ENSG00000139187,0.35137147
"effector memory CD8-positive, alpha-beta T cell",positive,5,ENSG00000124942,0.3087604
"effector memory CD8-positive, alpha-beta T cell",positive,6,ENSG00000167286,0.27898315
"effector memory CD8-positive, alpha-beta T cell",positive,7,ENSG00000077984,0.2499971
"effector memory CD8-positive, alpha-beta T cell",positive,8,ENSG00000166949,0.24025384
"effector memory CD8-positive, alpha-beta T cell",positive,9,ENSG00000142347,0.18031503
"effector memory CD8-positive, alpha-beta T cell",positive,10,ENSG00000115232,0.17362706
"effector memory CD8-positive, alpha-beta T cell",positive,11,ENSG00000229474,0.16587749
"effector memory CD8-positive, alpha-beta T cell",positive,12,ENSG00000153113,0.1565514
"effector memory CD8-positive, alpha-beta T cell",positive,13,ENSG00000158050,0.15078922
"effector memory CD8-positive, alpha-beta T cell",positive,14,ENSG00000181847,0.1479895
"effector memory CD8-positive, alpha-beta T cell",positive,15,ENSG00000114423,0.13776232
"effector memory CD8-positive, alpha-beta T cell",positive,16,ENSG00000198851,0.13094805
"effector memory CD8-positive, alpha-beta T cell",positive,17,ENSG00000198648,0.09220025
"effector memory CD8-positive, alpha-beta T cell",positive,18,ENSG00000033867,0.089869455
"effector memory CD8-positive, alpha-beta T cell",positive,19,ENSG00000178573,0.08879444
"effector memory CD8-positive, alpha-beta T cell",positive,20,ENSG00000067082,0.08389558
"effector memory CD8-positive, alpha-beta T cell",negative,1,ENSG00000074966,-0.37670276
"effector memory CD8-positive, alpha-beta T cell",negative,2,ENSG00000064393,-0.27356526
"effector memory CD8-positive, alpha-beta T cell",negative,3,ENSG00000182568,-0.25001517
"effector memory CD8-positive, alpha-beta T cell",negative,4,ENSG00000176390,-0.22663479
"effector memory CD8-positive, alpha-beta T cell",negative,5,ENSG00000072110,-0.15170914
"effector memory CD8-positive, alpha-beta T cell",negative,6,ENSG00000099204,-0.14209355
"effector memory CD8-positive, alpha-beta T cell",negative,7,ENSG00000175727,-0.12106592
"effector memory CD8-positive, alpha-beta T cell",negative,8,ENSG00000021355,-0.09719967
"effector memory CD8-positive, alpha-beta T cell",negative,9,ENSG00000109906,-0.09545151
"effector memory CD8-positive, alpha-beta T cell",negative,10,ENSG00000131143,-0.09530179
"effector memory CD8-positive, alpha-beta T cell",negative,11,ENSG00000163513,-0.09208708
"effector memory CD8-positive, alpha-beta T cell",negative,12,ENSG00000171608,-0.08736519
"effector memory CD8-positive, alpha-beta T cell",negative,13,ENSG00000129353,-0.080372676
"effector memory CD8-positive, alpha-beta T cell",negative,14,ENSG00000164300,-0.06971339
"effector memory CD8-positive, alpha-beta T cell",negative,15,ENSG00000100605,-0.06922341
"effector memory CD8-positive, alpha-beta T cell",negative,16,ENSG00000175040,-0.0560291
"effector memory CD8-positive, alpha-beta T cell",negative,17,ENSG00000100599,-0.05301881
"effector memory CD8-positive, alpha-beta T cell",negative,18,ENSG00000127184,-0.04138234
"effector memory CD8-positive, alpha-beta T cell",negative,19,ENSG00000168056,-0.038139056
"effector memory CD8-positive, alpha-beta T cell",negative,20,ENSG00000142546,-0.036499612
memory B cell,positive,1,ENSG00000136573,0.7899158
memory B cell,positive,2,ENSG00000240505,0.57522815
memory B cell,positive,3,ENSG00000163568,0.4573879
memory B cell,positive,4,ENSG00000211896,0.32867318
memory B cell,positive,5,ENSG00000211895,0.2498359
memory B cell,positive,6,ENSG00000161929,0.216356
memory B cell,positive,7,ENSG00000272398,0.21357106
memory B cell,positive,8,ENSG00000126821,0.19585328
memory B cell,positive,9,ENSG00000116731,0.19434513
memory B cell,positive,10,ENSG00000109436,0.19074677
memory B cell,positive,11,ENSG00000076604,0.1874703
memory B cell,positive,12,ENSG00000140750,0.18711612
memory B cell,positive,13,ENSG00000166405,0.16089518
memory B cell,positive,14,ENSG00000116191,0.15568647
memory B cell,positive,15,ENSG00000124942,0.15459087
memory B cell,positive,16,ENSG00000058091,0.1364473
memory B cell,positive,17,ENSG00000213145,0.11044996
memory B cell,positive,18,ENSG00000119408,0.10919321
memory B cell,positive,19,ENSG00000082438,0.10393928
memory B cell,positive,20,ENSG00000152492,0.10160392
memory B cell,negative,1,ENSG00000182568,-0.73465323
memory B cell,negative,2,ENSG00000100422,-0.21457167
memory B cell,negative,3,ENSG00000069493,-0.18137325
memory B cell,negative,4,ENSG00000100721,-0.120036
memory B cell,negative,5,ENSG00000204304,-0.087293476
memory B cell,negative,6,ENSG00000113391,-0.0714181
memory B cell,negative,7,ENSG00000214253,-0.06992054
memory B cell,negative,8,ENSG00000168421,-0.047451653
memory B cell,negative,9,ENSG00000099977,-0.03814102
memory B cell,negative,10,ENSG00000103522,-0.028657531
memory B cell,negative,11,ENSG00000107560,-0.024388684
memory B cell,negative,12,ENSG00000142875,-0.022537576
memory B cell,negative,13,ENSG00000135048,-0.011725564
memory B cell,negative,14,ENSG00000101972,0.0
memory B cell,negative,15,ENSG00000184216,0.0
memory B cell,negative,16,ENSG00000169057,0.0
memory B cell,negative,17,ENSG00000196924,0.0
memory B cell,negative,18,ENSG00000102119,0.0
memory B cell,negative,19,ENSG00000102125,0.0
memory B cell,negative,20,ENSG00000071553,0.0
naive B cell,positive,1,ENSG00000100721,1.0818375
naive B cell,positive,2,ENSG00000147535,0.6580876
naive B cell,positive,3,ENSG00000211898,0.48303404
naive B cell,positive,4,ENSG00000084234,0.450339
naive B cell,positive,5,ENSG00000104921,0.37900645
naive B cell,positive,6,ENSG00000101017,0.27002022
naive B cell,positive,7,ENSG00000137101,0.25020263
naive B cell,positive,8,ENSG00000169762,0.22365099
naive B cell,positive,9,ENSG00000135048,0.21526965
naive B cell,positive,10,ENSG00000087266,0.189695
naive B cell,positive,11,ENSG00000157500,0.15801264
naive B cell,positive,12,ENSG00000060138,0.13992006
naive B cell,positive,13,ENSG00000159322,0.13986693
naive B cell,positive,14,ENSG00000122986,0.1334247
naive B cell,positive,15,ENSG00000182606,0.13221706
naive B cell,positive,16,ENSG00000123104,0.102800176
naive B cell,positive,17,ENSG00000122591,0.09291714
naive B cell,positive,18,ENSG00000099977,0.087040186
naive B cell,positive,19,ENSG00000109906,0.08686549
naive B cell,positive,20,ENSG00000157734,0.079765655
naive B cell,negative,1,ENSG00000026025,-0.40035865
naive B cell,negative,2,ENSG00000166710,-0.30702585
naive B cell,negative,3,ENSG00000064012,-0.24637453
naive B cell,negative,4,ENSG00000140853,-0.23608182
naive B cell,negative,5,ENSG00000213145,-0.21356557
naive B cell,negative,6,ENSG00000152291,-0.10279905
naive B cell,negative,7,ENSG00000149177,-0.10128984
naive B cell,negative,8,ENSG00000005844,-0.05409971
naive B cell,negative,9,ENSG00000153179,-0.051775374
naive B cell,negative,10,ENSG00000170906,-0.029996937
naive B cell,negative,11,ENSG00000165525,-0.024628349
naive B cell,negative,12,ENSG00000102786,-0.0062269405
naive B cell,negative,13,ENSG00000056586,-0.0060319128
naive B cell,negative,14,ENSG00000101972,0.0
naive B cell,negative,15,ENSG00000184216,0.0
naive B cell,negative,16,ENSG00000169057,0.0
naive B cell,negative,17,ENSG00000196924,0.0
naive B cell,negative,18,ENSG00000102119,0.0
naive B cell,negative,19,ENSG00000102125,0.0
naive B cell,negative,20,ENSG00000071553,0.0
"naive thymus-derived CD4-positive, alpha-beta T cell",positive,1,ENSG00000010610,0.7674768
"naive thymus-derived CD4-positive, alpha-beta T cell",positive,2,ENSG00000163519,0.5263053
"naive thymus-derived CD4-positive, alpha-beta T cell",positive,3,ENSG00000168685,0.25000057
"naive thymus-derived CD4-positive, alpha-beta T cell",positive,4,ENSG00000149212,0.2072477
"naive thymus-derived CD4-positive, alpha-beta T cell",positive,5,ENSG00000186854,0.17884135
"naive thymus-derived CD4-positive, alpha-beta T cell",positive,6,ENSG00000082074,0.17048886
"naive thymus-derived CD4-positive, alpha-beta T cell",positive,7,ENSG00000172005,0.12865157
"naive thymus-derived CD4-positive, alpha-beta T cell",positive,8,ENSG00000065357,0.11901775
"naive thymus-derived CD4-positive, alpha-beta T cell",positive,9,ENSG00000127311,0.11663026
"naive thymus-derived CD4-positive, alpha-beta T cell",positive,10,ENSG00000196329,0.11095583
"naive thymus-derived CD4-positive, alpha-beta T cell",positive,11,ENSG00000185811,0.10697484
"naive thymus-derived CD4-positive, alpha-beta T cell",positive,12,ENSG00000178562,0.097890906
"naive thymus-derived CD4-positive, alpha-beta T cell",positive,13,ENSG00000168056,0.090718545
"naive thymus-derived CD4-positive, alpha-beta T cell",positive,14,ENSG00000091409,0.08444733
"naive thymus-derived CD4-positive, alpha-beta T cell",positive,15,ENSG00000138795,0.08381073
"naive thymus-derived CD4-positive, alpha-beta T cell",positive,16,ENSG00000182568,0.08332535
"naive thymus-derived CD4-positive, alpha-beta T cell",positive,17,ENSG00000157303,0.06487693
"naive thymus-derived CD4-positive, alpha-beta T cell",positive,18,ENSG00000135426,0.06364345
"naive thymus-derived CD4-positive, alpha-beta T cell",positive,19,ENSG00000102760,0.063117795
"naive thymus-derived CD4-positive, alpha-beta T cell",positive,20,ENSG00000170004,0.041862085
"naive thymus-derived CD4-positive, alpha-beta T cell",negative,1,ENSG00000213809,-1.3617847
"naive thymus-derived CD4-positive, alpha-beta T cell",negative,2,ENSG00000153563,-1.243035
"naive thymus-derived CD4-positive, alpha-beta T cell",negative,3,ENSG00000161405,-0.22196823
"naive thymus-derived CD4-positive, alpha-beta T cell",negative,4,ENSG00000166501,-0.10927602
"naive thymus-derived CD4-positive, alpha-beta T cell",negative,5,ENSG00000135916,-0.0895502
"naive thymus-derived CD4-positive, alpha-beta T cell",negative,6,ENSG00000019582,-0.08656281
"naive thymus-derived CD4-positive, alpha-beta T cell",negative,7,ENSG00000179583,-0.059423376
"naive thymus-derived CD4-positive, alpha-beta T cell",negative,8,ENSG00000120899,-0.02077191
"naive thymus-derived CD4-positive, alpha-beta T cell",negative,9,ENSG00000105369,-0.017295433
"naive thymus-derived CD4-positive, alpha-beta T cell",negative,10,ENSG00000083223,-0.0072501767
"naive thymus-derived CD4-positive, alpha-beta T cell",negative,11,ENSG00000028137,0.0
"naive thymus-derived CD4-positive, alpha-beta T cell",negative,12,ENSG00000184216,0.0
"naive thymus-derived CD4-positive, alpha-beta T cell",negative,13,ENSG00000169057,0.0
"naive thymus-derived CD4-positive, alpha-beta T cell",negative,14,ENSG00000196924,0.0
"naive thymus-derived CD4-positive, alpha-beta T cell",negative,15,ENSG00000102119,0.0
"naive thymus-derived CD4-positive, alpha-beta T cell",negative,16,ENSG00000102125,0.0
"naive thymus-derived CD4-positive, alpha-beta T cell",negative,17,ENSG00000071553,0.0
"naive thymus-derived CD4-positive, alpha-beta T cell",negative,18,ENSG00000203879,0.0
"naive thymus-derived CD4-positive, alpha-beta T cell",negative,19,ENSG00000160211,0.0
"naive thymus-derived CD4-positive, alpha-beta T cell",negative,20,ENSG00000269335,0.0
"naive thymus-derived CD8-positive, alpha-beta T cell",positive,1,ENSG00000153563,1.2705367
"naive thymus-derived CD8-positive, alpha-beta T cell",positive,2,ENSG00000213809,0.6253444
"naive thymus-derived CD8-positive, alpha-beta T cell",positive,3,ENSG00000275395,0.445338
"naive thymus-derived CD8-positive, alpha-beta T cell",positive,4,ENSG00000184613,0.369876
"naive thymus-derived CD8-positive, alpha-beta T cell",positive,5,ENSG00000172673,0.35983062
"naive thymus-derived CD8-positive, alpha-beta T cell",positive,6,ENSG00000072110,0.32028693
"naive thymus-derived CD8-positive, alpha-beta T cell",positive,7,ENSG00000064201,0.23068829
"naive thymus-derived CD8-positive, alpha-beta T cell",positive,8,ENSG00000138795,0.18636659
"naive thymus-derived CD8-positive, alpha-beta T cell",positive,9,ENSG00000152270,0.1547375
"naive thymus-derived CD8-positive, alpha-beta T cell",positive,10,ENSG00000204472,0.1307297
"naive thymus-derived CD8-positive, alpha-beta T cell",positive,11,ENSG00000172766,0.10759868
"naive thymus-derived CD8-positive, alpha-beta T cell",positive,12,ENSG00000198712,0.09670908
"naive thymus-derived CD8-positive, alpha-beta T cell",positive,13,ENSG00000070081,0.08600214
"naive thymus-derived CD8-positive, alpha-beta T cell",positive,14,ENSG00000141232,0.07030917
"naive thymus-derived CD8-positive, alpha-beta T cell",positive,15,ENSG00000156860,0.050019756
"naive thymus-derived CD8-positive, alpha-beta T cell",positive,16,ENSG00000111371,0.034888104
"naive thymus-derived CD8-positive, alpha-beta T cell",positive,17,ENSG00000142102,0.025597887
"naive thymus-derived CD8-positive, alpha-beta T cell",positive,18,ENSG00000103064,0.02049017
"naive thymus-derived CD8-positive, alpha-beta T cell",positive,19,ENSG00000099204,0.010299098
"naive thymus-derived CD8-positive, alpha-beta T cell",positive,20,ENSG00000090554,0.00070162775
"naive thymus-derived CD8-positive, alpha-beta T cell",negative,1,ENSG00000271503,-0.58242923
"naive thymus-derived CD8-positive, alpha-beta T cell",negative,2,ENSG00000163564,-0.44480175
"naive thymus-derived CD8-positive, alpha-beta T cell",negative,3,ENSG00000169508,-0.32499546
"naive thymus-derived CD8-positive, alpha-beta T cell",negative,4,ENSG00000010610,-0.24999888
"naive thymus-derived CD8-positive, alpha-beta T cell",negative,5,ENSG00000150347,-0.16717526
"naive thymus-derived CD8-positive, alpha-beta T cell",negative,6,ENSG00000147443,-0.15343845
"naive thymus-derived CD8-positive, alpha-beta T cell",negative,7,ENSG00000002586,-0.1371429
"naive thymus-derived CD8-positive, alpha-beta T cell",negative,8,ENSG00000166949,-0.12846231
"naive thymus-derived CD8-positive, alpha-beta T cell",negative,9,ENSG00000067082,-0.053756364
"naive thymus-derived CD8-positive, alpha-beta T cell",negative,10,ENSG00000131370,-0.048052255
"naive thymus-derived CD8-positive, alpha-beta T cell",negative,11,ENSG00000154451,-0.028060587
"naive thymus-derived CD8-positive, alpha-beta T cell",negative,12,ENSG00000057657,-0.026099341
"naive thymus-derived CD8-positive, alpha-beta T cell",negative,13,ENSG00000123240,-0.024199799
"naive thymus-derived CD8-positive, alpha-beta T cell",negative,14,ENSG00000139187,-0.019919576
"naive thymus-derived CD8-positive, alpha-beta T cell",negative,15,ENSG00000124942,-0.011194649
"naive thymus-derived CD8-positive, alpha-beta T cell",negative,16,ENSG00000142599,0.0
"naive thymus-derived CD8-positive, alpha-beta T cell",negative,17,ENSG00000184216,0.0
"naive thymus-derived CD8-positive, alpha-beta T cell",negative,18,ENSG00000169057,0.0
"naive thymus-derived CD8-positive, alpha-beta T cell",negative,19,ENSG00000196924,0.0
"naive thymus-derived CD8-positive, alpha-beta T cell",negative,20,ENSG00000102119,0.0
